id,order_number,user_id,address_id,subtotal,discount_amount,delivery_fee,tax_amount,total_amount,coupon_code,payment_status,order_status,delhivery_waybill,delhivery_shipment_id,tracking_url,shipment_status,label_generated,created_at,updated_at,razorpay_order_id,carrier,estimated_delivery
55,ADC20260716200130,7,8,240,0,100,0,340,,PENDING,PLACED,,,,NOT_CREATED,f,2026-07-16T20:01:30.888Z,2026-07-16T20:01:32.298Z,order_TEIZlsROG0Dy6h,,
59,ADC20260717053247,22,18,125,0,0,0,125,,PENDING,PLACED,,,,NOT_CREATED,f,2026-07-17T05:32:47.815Z,2026-07-17T05:32:49.379Z,order_TESJEqcZ1tLKPx,,
31,ADC20260622234012,14,7,120,0,100,0,220,,PAID,DELIVERED,85582010000044,,https://www.delhivery.com/track/package/85582010000044,Manifested,t,2026-06-22T18:10:12.816Z,2026-07-09T19:24:23.676Z,order_T4lrPh2cBy6WGY,,
57,ADC20260717032350,14,7,120,0,100,0,220,,PAID,CONFIRMED,85582010000280,,https://www.delhivery.com/track/package/85582010000280,Manifested,t,2026-07-17T03:23:50.737Z,2026-07-17T05:55:44.184Z,order_TEQ73xEqKPYbgk,DELHIVERY,
61,ADC20260719144301,44,22,660,0,100,0,760,,PENDING,PLACED,,,,NOT_CREATED,f,2026-07-19T14:43:01.572Z,2026-07-19T14:43:01.572Z,,,
63,ADC20260722104807,7,8,130,0,0,0,130,,PAID,CONFIRMED,SF1784684342DOF,,https://track.shadowfax.in/#/track/SF1784684342DOF,New,f,2026-07-22T05:18:07.172Z,2026-07-22T05:18:52.201Z,order_TGQjKi7QG5RlIX,SHADOWFAX,
65,ADC20260722203817,7,8,60,0,0,0,60,,PENDING,PLACED,,,,NOT_CREATED,f,2026-07-22T20:38:17.976Z,2026-07-22T20:38:19.221Z,order_TGgPLeKlAUVckK,,
66,ADC20260722203833,7,8,60,0,0,0,60,,PENDING,PLACED,,,,NOT_CREATED,f,2026-07-22T20:38:33.249Z,2026-07-22T20:38:34.430Z,order_TGgPcFbDGdHZa0,,
68,ADC20260722211553,28,25,120,0,0,0,120,,PAID,CONFIRMED,85582010000313,,https://www.delhivery.com/track/package/85582010000313,CREATED,t,2026-07-22T21:15:53.056Z,2026-07-22T21:16:19.671Z,order_TGh336icXzMQZK,DELHIVERY,
34,ADC20260629085507,7,8,60,0,100,0,160,,PAID,CONFIRMED,85582010000070,,https://www.delhivery.com/track/package/85582010000070,Manifested,t,2026-06-29T08:55:07.987Z,2026-06-29T12:22:08.051Z,order_T7O9AuqJGRTpvV,,
33,ADC20260627052237,7,8,120,0,100,0,220,,PAID,CONFIRMED,85582010000066,,https://www.delhivery.com/track/package/85582010000066,Manifested,t,2026-06-27T05:22:37.399Z,2026-07-04T18:55:25.605Z,order_T6XSSEda3S95yj,,
36,ADC20260704185106,7,8,250,0,100,0,350,,PAID,CONFIRMED,85582010000081,,https://www.delhivery.com/track/package/85582010000081,Manifested,t,2026-07-04T18:51:06.782Z,2026-07-04T18:52:17.223Z,order_T9WxyIxdp7rvXJ,,
32,ADC20260622182937,14,7,60,0,100,0,160,,PAID,CONFIRMED,85582010000055,,https://www.delhivery.com/track/package/85582010000055,Manifested,t,2026-06-22T18:29:37.707Z,2026-07-04T18:55:20.295Z,order_T4mCBJeM44bkF0,,
37,ADC20260704190558,16,11,180,0,100,0,280,,PAID,CONFIRMED,85582010000092,,https://www.delhivery.com/track/package/85582010000092,Manifested,t,2026-07-04T19:05:58.931Z,2026-07-05T19:05:53.446Z,order_T9XDfyrqEVRvHP,,
38,ADC20260704192423,16,11,180,0,100,0,280,,PAID,CONFIRMED,85582010000103,,https://www.delhivery.com/track/package/85582010000103,Manifested,t,2026-07-04T19:24:23.696Z,2026-07-05T19:05:44.856Z,order_T9XX7svz9y8Opu,,
52,ADC20260714110011,14,15,120,0,100,0,220,,PAID,CONFIRMED,85582010000265,,https://www.delhivery.com/track/package/85582010000265,Manifested,t,2026-07-14T11:00:11.986Z,2026-07-14T11:01:31.384Z,order_TDMHikC5Qtzyxg,DELHIVERY,
60,ADC20260719143147,43,21,600,0,0,0,600,,PENDING,PLACED,,,,NOT_CREATED,f,2026-07-19T14:31:47.945Z,2026-07-19T14:31:47.945Z,,,
54,ADC20260716182141,21,17,120,0,100,0,220,,PAID,CONFIRMED,SF1776975778DOF,,https://track.shadowfax.in/#/track/SF1776975778DOF,New,f,2026-07-16T18:21:41.550Z,2026-07-16T19:11:19.457Z,order_TEGsK8jzwKkHC7,SHADOWFAX,
62,ADC20260719173401,7,8,180,0,0,0,180,,PENDING,PLACED,,,,NOT_CREATED,f,2026-07-19T17:34:01.397Z,2026-07-19T17:34:01.397Z,,,
49,ADC20260710001643,14,14,220,0,100,0,320,,PAID,CONFIRMED,85582010000254,,https://www.delhivery.com/track/package/85582010000254,Manifested,t,2026-07-09T18:46:43.840Z,2026-07-13T19:22:36.256Z,order_TBVYv8o6nFhJEL,DELHIVERY,
48,ADC20260709010259,14,14,180,0,100,0,280,,PAID,CONFIRMED,85582010000195,,https://www.delhivery.com/track/package/85582010000195,Manifested,t,2026-07-08T19:32:59.019Z,2026-07-09T18:50:20.410Z,order_TB7oeghSv80k80,DELHIVERY,
40,ADC20260705231453,16,11,600,0,100,0,700,,PAID,DELIVERED,SF1768309781DOF,,https://track.shadowfax.in/#/track/SF1768309781DOF,CANCELLED,f,2026-07-05T17:44:53.915Z,2026-07-14T11:04:29.767Z,order_T9uN7v24nljT39,SHADOWFAX,
45,ADC20260708162028,14,13,60,0,100,0,160,,PAID,DELIVERED,SF1770170860DOF,,https://track.shadowfax.in/#/track/SF1770170860DOF,Picked up from store,f,2026-07-08T10:50:28.620Z,2026-07-09T19:29:51.436Z,order_TAyuiPGZ00ZTQp,SHADOWFAX,
53,ADC20260715091842,7,16,180,0,100,0,280,,PAID,CONFIRMED,,,,NOT_CREATED,f,2026-07-15T09:18:42.259Z,2026-07-15T09:19:12.776Z,order_TDj5csDvJ1Z3Bq,,
41,ADC20260705184238,7,8,120,0,100,0,220,,PAID,CONFIRMED,SF1768310687DOF,,https://track.shadowfax.in/#/track/SF1768310687DOF,Out for delivery,f,2026-07-05T18:42:38.432Z,2026-07-09T19:37:42.482Z,order_T9vM7xAAT8yBV7,SHADOWFAX,
43,ADC20260707193339,14,13,60,0,100,0,160,,PAID,CONFIRMED,SF1769040728DOF,,https://track.shadowfax.in/#/track/SF1769040728DOF,Picked up from store,f,2026-07-07T19:33:39.145Z,2026-07-09T19:37:42.379Z,order_TAjIFiJhIvlER1,SHADOWFAX,
51,ADC20260710001857,14,13,120,0,100,0,220,,PAID,CONFIRMED,SF1776195036DOF,,https://track.shadowfax.in/#/track/SF1776195036DOF,new,f,2026-07-09T18:48:57.994Z,2026-07-13T19:22:28.445Z,order_TBVbHNCb0EduUv,SHADOWFAX,
67,ADC20260722210454,28,25,120,0,0,0,120,,PAID,CONFIRMED,85582010000302,,https://www.delhivery.com/track/package/85582010000302,CREATED,t,2026-07-22T21:04:54.320Z,2026-07-22T21:05:28.177Z,order_TGgrS4gs0b2lzm,DELHIVERY,
56,ADC20260716200920,7,8,300,0,100,0,400,,PAID,CONFIRMED,SF1783902349DOF,,https://track.shadowfax.in/#/track/SF1783902349DOF,new,f,2026-07-16T20:09:20.757Z,2026-07-17T03:27:51.917Z,order_TEIi2dPxvaICjY,SHADOWFAX,
64,ADC20260722202856,7,8,120,0,0,0,120,,PAID,CONFIRMED,SF1788389792DOF,,https://track.shadowfax.in/#/track/SF1788389792DOF,New,f,2026-07-22T20:28:56.278Z,2026-07-23T07:15:21.401Z,order_TGgFSTsq9eYdQr,SHADOWFAX,
58,ADC20260717052003,22,18,180,0,0,0,180,,PAID,CONFIRMED,,,,NOT_CREATED,f,2026-07-17T05:20:03.569Z,2026-07-17T05:21:12.817Z,order_TES5mYmCBetQrx,,
69,ADC20260725080159,7,8,60,0,0,0,60,,PENDING,PLACED,,,,NOT_CREATED,f,2026-07-25T08:01:59.263Z,2026-07-25T08:02:00.639Z,order_THf7nH40w0Pwip,,
